"Season","TeamName","Tempo","RankTempo","AdjTempo","RankAdjTempo","OE","RankOE","AdjOE","RankAdjOE","DE","RankDE","AdjDE","RankAdjDE","AdjEM","RankAdjEM"
"2025","Abilene Christian",69.2083,139,67.952,140,93.746,349,97.8159,325,103.627,126,103.793,116,-5.97755,234
"2025","Air Force",64,353,63.395,342,98.9636,301,100.441,286,110.362,282,111.174,266,-10.7332,292
"2025","Akron",73.2276,16,71.4894,19,112.963,57,111.158,94,102.664,108,104.396,127,6.76229,98
"2025","Alabama",76.077,1,74.2034,1,118.073,15,124.646,3,102.69,109,97.625,43,27.0212,9
"2025","Alabama A&M",73.4714,11,71.7871,15,94.3671,345,93.1867,358,110.251,281,113.306,309,-20.1196,356
"2025","Alabama St.",69.9899,96,67.798,151,103.985,214,103.131,230,111.189,297,114.214,320,-11.0825,294
"2025","Albany",69.0263,148,67.8267,149,105.819,176,103.489,227,108.76,246,112.201,286,-8.71181,266
"2025","Alcorn St.",66.8413,254,64.3974,309,93.0037,352,97.348,332,114.439,339,112.59,296,-15.2424,327
"2025","American",64.1263,350,63.2038,347,104.585,198,104.779,210,109.137,255,110.75,261,-5.97159,233
"2025","Appalachian St.",64.1368,349,63.5336,339,102.826,236,102.798,237,99.0915,56,98.6936,52,4.10474,112
"2025","Arizona",70.271,87,69.349,67,116.23,27,120.313,15,97.3051,35,95.6955,23,24.6176,14
"2025","Arizona St.",69.9762,98,67.361,171,104.01,212,111.069,98,101.767,94,97.1068,36,13.9619,59
"2025","Arkansas",70.0181,94,68.5147,108,108.335,126,111.089,96,97.613,38,96.904,34,14.1849,57
"2025","Arkansas Pine Bluff",74.0882,7,72.2975,10,95.5721,335,97.8177,324,125.147,363,123.074,363,-25.2564,363
"2025","Arkansas St.",70.3337,83,69.0774,77,108.669,115,109.434,127,97.8353,42,101.025,77,8.40927,91
"2025","Army",68.2367,190,67.491,167,103.385,225,100.537,285,109.52,263,112.331,290,-11.7946,302
"2025","Auburn",68.2474,188,67.3868,170,122.75,1,129.415,1,96.0328,24,93.4324,11,35.983,1
"2025","Austin Peay",67.4838,224,65.8032,240,94.9989,340,96.9046,338,109.06,251,107.377,195,-10.4721,288
"2025","Ball St.",68.4609,181,66.785,199,106.689,164,104.382,214,110.105,277,113.703,314,-9.32064,275
"2025","Baylor",66.1403,288,64.1703,323,116.139,31,121.024,14,101.867,98,99.9587,62,21.0648,26
"2025","Bellarmine",66.9105,253,65.2986,267,101.039,271,101.545,263,122.301,360,122.917,362,-21.3723,359
"2025","Belmont",71.5674,40,70.9351,28,112.781,60,114.048,60,109.919,272,110.652,256,3.39606,123
"2025","Bethune Cookman",69.3675,129,68.5963,103,94.9856,341,96.116,343,104.081,142,104.957,140,-8.8411,269
"2025","Binghamton",65.5463,321,64.3117,317,101.877,257,100.932,277,112.464,318,115.625,339,-14.6921,323
"2025","Boise St.",66.4127,278,66.0701,231,115.045,40,116.634,38,101.555,91,102.279,96,14.3552,55
"2025","Boston College",66.8397,255,65.9057,236,104.609,197,106.988,169,111.216,298,110.558,253,-3.56977,211
"2025","Boston University",63.348,358,61.8519,358,99.714,291,98.5615,313,104.91,165,109.764,235,-11.2021,297
"2025","Bowling Green",71.0147,53,69.2493,69,104.096,211,100.579,284,110.228,280,111.881,280,-11.3014,298
"2025","Bradley",67.3631,230,65.3815,263,114.98,41,111.388,88,99.9529,73,100.907,73,10.4811,81
"2025","Brown",66.6043,268,64.5169,302,105.415,182,105.711,193,108.335,237,110.693,259,-4.98185,223
"2025","Bryant",73.8641,9,72.8513,5,108.109,130,107.435,162,103.633,128,106.195,161,1.24046,153
"2025","Bucknell",68.1251,198,67.2227,175,98.3805,314,98.1181,322,104.539,155,107.047,186,-8.92931,270
"2025","Buffalo",73.0309,20,70.8961,29,95.1164,338,97.2374,333,114.132,333,114.16,319,-16.9229,340
"2025","Butler",66.534,274,66.6754,207,109.61,99,114.022,61,107.455,220,103.75,113,10.2728,83
"2025","BYU",67.3059,232,66.2239,226,117.677,19,119.358,17,97.2535,34,99.9777,63,19.3802,31
"2025","Cal Baptist",67.8158,211,65.1968,269,106.424,167,108.613,133,105.751,186,108.375,215,0.237416,167
"2025","Cal Poly",74.457,4,73.5254,3,102.726,239,105.051,204,112.251,312,112.554,295,-7.50239,246
"2025","Cal St. Bakersfield",67.0275,247,65.4478,261,105.813,177,106.029,187,110.692,288,111.569,275,-5.53997,230
"2025","Cal St. Fullerton",67.5056,223,66.8731,196,95.0936,339,98.8216,311,112.194,311,111.64,276,-12.8186,313
"2025","California",68.0727,202,67.2737,173,111.328,73,112.607,76,110.146,278,108.564,218,4.04359,116
"2025","Campbell",66.3988,280,66.0974,230,102.249,249,101.748,257,103.858,135,106.204,163,-4.45675,219
"2025","Canisius",65.5563,320,64.8731,284,98.5343,309,101.044,274,120.709,359,121.972,361,-20.9282,357
"2025","Central Arkansas",68.0337,203,66.5896,213,97.1565,325,96.9965,337,112.421,317,113.558,312,-16.562,335
"2025","Central Connecticut",65.7146,312,64.3539,313,103.54,224,100.835,279,97.8459,43,103.791,115,-2.95609,201
"2025","Central Michigan",68.2133,191,66.6026,212,99.8084,288,102.263,248,107.013,213,105.598,151,-3.33508,208
"2025","Charleston",71.6908,37,71.4981,18,106.756,160,107.964,150,102.317,103,104.692,133,3.27163,126
"2025","Charleston Southern",69.6247,119,68.1413,131,98.5362,308,98.6614,312,111.819,309,109.19,225,-10.5287,289
"2025","Charlotte",65.9996,298,64.6754,296,104.388,201,103.852,223,110.375,283,110.506,250,-6.65393,241
"2025","Chattanooga",67.6096,221,66.2959,223,111.183,77,111.888,82,108.547,242,110.178,244,1.70937,147
"2025","Chicago St.",70.3358,82,68.4529,110,85.9688,362,89.5531,362,111.684,308,111.426,272,-21.8726,360
"2025","Cincinnati",65.9099,302,64.9216,282,107.634,139,108.376,137,95.6247,19,93.947,14,14.4285,53
"2025","Clemson",65.3865,324,63.4919,340,116.524,24,118.526,27,99.8023,69,97.6406,44,20.8858,27
"2025","Cleveland St.",66.352,281,65.6241,252,105.705,178,105.209,200,100.872,80,104.529,129,0.680077,162
"2025","Coastal Carolina",64.8249,336,62.7614,350,101.895,256,100.075,290,110.609,287,114.285,321,-14.2106,321
"2025","Colgate",66.8306,256,66.5455,214,104.247,206,105.081,202,106.355,194,109.292,227,-4.21174,215
"2025","Colorado",69.0793,147,67.6171,160,104.239,207,108.323,140,103.708,130,101.78,87,6.54336,100
"2025","Colorado St.",67.6031,222,66.0977,229,107.616,140,110.819,103,99.6467,66,100.258,69,10.5608,79
"2025","Columbia",69.9675,101,68.7367,96,113.818,48,110.1,113,109.713,267,113.104,304,-3.00374,203
"2025","Connecticut",65.2153,327,63.6979,334,120.87,5,122.683,9,104.227,147,104.569,130,18.1138,36
"2025","Coppin St.",68.7421,169,67.7025,155,85.9623,363,87.8155,363,114.317,336,112.663,299,-24.8476,362
"2025","Cornell",72.0658,28,70.6091,33,116.462,25,114.609,54,110.027,276,111.281,269,3.32827,125
"2025","Creighton",68.8613,161,67.9235,144,109.681,95,115.232,49,99.116,57,95.9857,27,19.2458,33
"2025","CSUN",73.3866,14,72.2335,11,107.021,152,106.359,181,99.5609,64,104.185,125,2.17459,141
"2025","Dartmouth",71.5041,42,71.1199,24,102.117,253,99.8588,299,106.732,201,109.236,226,-9.37688,276
"2025","Davidson",67.271,234,65.5713,254,112.115,65,113.006,70,107.573,222,109.391,230,3.61544,119
"2025","Dayton",66.3442,282,65.1094,274,114.137,46,117.176,35,104.721,160,104.171,123,13.0054,65
"2025","Delaware",70.8888,59,70.1636,46,108.52,119,108.933,131,111.169,296,115.085,332,-6.15186,237
"2025","Delaware St.",70.1414,92,69.0373,79,100.615,279,99.5644,302,110.804,291,112.273,288,-12.7091,310
"2025","Denver",68.1121,200,65.7034,248,100.367,281,98.4831,315,115.267,343,115.551,337,-17.0684,343
"2025","DePaul",68.3574,184,67.0822,184,107.552,142,109.928,118,106.956,209,106.894,177,3.03334,128
"2025","Detroit Mercy",67.3749,229,66.2686,224,93.9841,347,94.5825,352,110.801,290,110.664,257,-16.0811,332
"2025","Drake",60.6231,364,59.0718,364,112.79,59,111.224,93,98.2444,47,100.075,65,11.149,74
"2025","Drexel",64.6969,338,62.9347,349,104.621,196,102.389,246,101.663,93,104.709,134,-2.32013,198
"2025","Duke",66.5088,276,65.6524,250,120.551,6,122.907,7,89.4841,3,87.5857,3,35.3212,3
"2025","Duquesne",64.945,333,63.9024,329,103.604,221,105.789,191,102.745,113,103.838,117,1.9519,143
"2025","East Carolina",67.1136,243,65.935,235,106.094,175,106.153,182,104.195,146,105.205,144,0.948438,156
"2025","East Tennessee St.",66.9822,251,65.9845,233,110.625,84,107.872,154,102.333,104,105.094,142,2.7774,133
"2025","East Texas A&M",68.7647,167,67.5793,163,92.5958,353,94.8814,349,111.383,302,112.266,287,-17.3846,347
"2025","Eastern Illinois",67.3752,228,65.7138,247,93.6713,350,94.2997,355,109.166,256,111.682,278,-17.3819,346
"2025","Eastern Kentucky",68.7812,165,68.2272,124,106.718,162,106.385,180,111.624,305,112.632,298,-6.24756,238
"2025","Eastern Michigan",69.1655,141,67.8622,146,104.943,192,103.118,231,113.455,327,114.432,322,-11.3145,299
"2025","Eastern Washington",68.6559,173,66.8512,197,101.835,260,102.883,235,112.394,315,111.998,283,-9.11501,273
"2025","Elon",65.6171,317,64.3006,319,109.831,93,108.254,141,104.524,154,106.927,178,1.32736,151
"2025","Evansville",67.2025,237,66.373,219,94.1744,346,96.1987,342,105.689,184,104.788,136,-8.58912,263
"2025","Fairfield",65.6788,313,65.3401,265,101.873,258,101.565,262,113.472,328,117.468,350,-15.9034,331
"2025","Fairleigh Dickinson",69.4726,127,69.0208,81,100.591,280,99.9942,294,111.091,295,112.713,301,-12.7192,311
"2025","FIU",70.2686,88,68.9558,84,98.9017,303,98.0717,323,103.887,136,105.777,156,-7.70516,252
"2025","Florida",70.7925,62,69.0589,78,120.418,7,125.433,2,92.4403,7,94.3028,15,31.1298,4
"2025","Florida A&M",69.582,122,68.3284,116,93.1576,351,95.5462,345,114.206,335,112.495,292,-16.9487,342
"2025","Florida Atlantic",71.1417,50,69.871,53,108.363,124,112.049,80,109.112,254,107.996,207,4.05212,115
"2025","Florida Gulf Coast",65.48,323,64.8106,288,107.226,147,107.104,166,104.336,149,106.571,171,0.533084,164
"2025","Florida St.",71.307,47,69.5987,59,108.453,123,111.372,89,99.4929,62,99.4508,56,11.9207,69
"2025","Fordham",71.3164,46,70.0201,51,100.852,277,102.755,239,107.182,216,108.04,209,-5.28434,225
"2025","Fresno St.",73.5908,10,72.3646,9,96.9095,327,100.008,293,108.886,247,107.559,199,-7.55143,249
"2025","Furman",66.0639,293,65.07,275,107.654,138,107.889,153,105.484,180,107.246,187,0.643791,163
"2025","Gardner Webb",70.3213,84,68.9958,83,103.623,220,103.163,229,109.287,259,109.182,223,-6.01858,235
"2025","George Mason",65.7303,311,64.4642,306,107.52,143,107.449,161,93.5165,11,95.9393,25,11.5098,70
"2025","George Washington",68.5407,175,68.0725,134,107.689,137,106.098,183,97.7202,39,102.71,103,3.38782,124
"2025","Georgetown",68.1575,193,67.4751,168,105.621,179,107.589,159,95.7666,21,96.7603,33,10.8292,77
"2025","Georgia",69.0106,151,66.1176,228,110.405,87,112.216,79,96.3906,30,94.9849,18,17.2308,41
"2025","Georgia Southern",71.384,45,70.3931,39,101.291,267,100.368,287,107.126,215,108.505,217,-8.1366,258
"2025","Georgia St.",69.9726,99,68.6848,100,101.239,268,102.393,245,114.897,340,114.655,326,-12.2616,306
"2025","Georgia Tech",71.5469,41,69.6121,58,104.365,204,106.759,174,103.081,118,102.513,98,4.24542,110
"2025","Gonzaga",71.6398,39,70.4166,38,122.389,2,124.239,5,98.7767,50,99.5928,57,24.6466,13
"2025","Grambling St.",67.6286,219,64.6607,298,95.3663,337,97.7909,327,109.618,264,112.198,285,-14.4075,322
"2025","Grand Canyon",73.3368,15,71.2824,23,106.88,156,108.198,143,94.4886,15,99.8984,60,8.29933,92
"2025","Green Bay",68.8637,160,68.345,114,100.362,282,101.723,259,117.96,355,118.603,354,-16.8806,338
"2025","Hampton",66.9333,252,64.6713,297,102.879,234,101.415,267,109.816,270,109.432,231,-8.01648,256
"2025","Harvard",67.0227,248,65.7781,245,99.5066,293,100.734,282,108.083,231,109.848,236,-9.11429,272
"2025","Hawaii",66.7334,263,65.3134,266,105.532,181,105.235,199,105.14,170,107.258,190,-2.02229,193
"2025","High Point",66.55,272,65.8824,237,119.958,10,117.141,36,105.72,185,110.527,252,6.61368,99
"2025","Hofstra",64.8559,335,63.4565,341,96.1849,328,99.3628,304,98.805,51,99.6674,58,-0.30459,173
"2025","Holy Cross",65.8019,307,65.7544,246,102.953,233,102.443,244,111.676,307,115.856,341,-13.4134,315
"2025","Houston",62.8939,360,61.0713,360,119.031,13,122.633,10,85.9314,1,87.0921,2,35.5411,2
"2025","Houston Christian",66.0947,290,65.7891,241,100.238,284,102.197,249,108.475,240,110.516,251,-8.3191,260
"2025","Howard",69.9885,97,68.5786,104,107.089,150,108.07,147,117.751,353,119.145,359,-11.0747,293
"2025","Idaho",66.8263,257,65.3898,262,107.895,133,108.377,136,114.141,334,115.881,342,-7.50454,247
"2025","Idaho St.",66.6986,265,64.9058,283,104.383,202,103.643,224,106.911,207,109.175,222,-5.53187,229
"2025","Illinois",73.9688,8,72.5209,8,115.176,38,118.819,24,93.1772,8,93.5027,12,25.3166,10
"2025","Illinois Chicago",69.0963,145,68.736,97,109.135,108,110.591,107,108.274,233,108.391,216,2.20052,140
"2025","Illinois St.",65.6656,314,64.4692,305,113.047,56,111.637,86,109.32,261,109.701,233,1.93592,144
"2025","Incarnate Word",66.175,287,65.3629,264,107.193,148,105.438,196,110.876,292,115.501,336,-10.0632,284
"2025","Indiana",70.2855,85,68.5315,107,109.351,103,113.826,64,103.572,123,100.259,70,13.5666,62
"2025","Indiana St.",73.3966,12,72.9302,4,105.141,186,106.425,178,111.382,301,111.861,279,-5.4352,227
"2025","Iona",69.7588,107,69.3823,65,97.5336,319,97.4849,331,101.815,97,106.196,162,-8.71147,265
"2025","Iowa",73.2149,18,70.8528,31,116.186,28,118.218,28,106.883,205,105.697,154,12.5219,66
"2025","Iowa St.",70.511,71,69.2476,70,117.776,17,121.747,12,93.6499,12,91.2376,6,30.5094,5
"2025","IU Indy",66.2908,283,64.8094,289,107.192,149,105.567,194,115.942,345,119.144,358,-13.5765,317
"2025","Jackson St.",71.7559,36,69.0881,76,92.0726,355,97.7288,328,110.939,293,108.063,210,-10.3343,287
"2025","Jacksonville",69.1373,143,67.8295,148,101.861,259,102.923,234,101.357,87,101.289,80,1.63482,149
"2025","Jacksonville St.",65.9279,301,64.7336,291,109.716,94,110.077,114,107.922,228,107.609,201,2.46751,138
"2025","James Madison",66.4757,277,65.7849,242,106.157,173,109.177,129,106.724,200,107.367,192,1.80968,146
"2025","Kansas",68.5138,180,67.858,147,110.889,83,117.757,31,93.3293,10,90.3102,4,27.4466,7
"2025","Kansas City",66.1097,289,64.388,310,102.717,240,101.115,273,107.352,218,106.309,167,-5.19418,224
"2025","Kansas St.",67.4405,225,66.6358,210,106.695,163,111.257,91,105.151,171,102.968,105,8.28844,93
"2025","Kennesaw St.",71.8152,34,71.033,27,102.357,245,104.888,207,104.168,144,104.882,138,0.00610298,169
"2025","Kent St.",66.7809,261,64.8505,286,100.94,273,101.147,272,96.0535,25,99.0553,53,2.09122,142
"2025","Kentucky",72.8398,22,70.503,35,119.96,9,124.269,4,103.984,140,101.305,81,22.9646,22
"2025","La Salle",71.8746,33,70.1664,45,102.031,254,103.493,226,104.458,153,104.641,132,-1.14779,183
"2025","Lafayette",66.4013,279,65.7821,244,100.695,278,98.1448,320,105.552,182,109.346,229,-11.2013,296
"2025","Lamar",66.7046,264,65.476,260,102.002,255,101.211,270,103.327,120,104.998,141,-3.78678,213
"2025","Le Moyne",69.6739,113,68.7789,93,99.0212,300,98.2089,319,115.099,342,117.485,351,-19.2758,351
"2025","Lehigh",67.11,244,67.1582,179,100.13,287,101.513,264,108.361,238,110.309,247,-8.79651,268
"2025","Liberty",66.9898,250,64.849,287,111.112,81,109.665,123,95.4645,17,98.4171,50,11.2478,71
"2025","Lindenwood",69.6746,112,68.779,92,94.7189,344,94.3189,354,107.452,219,111.494,273,-17.1748,344
"2025","Lipscomb",68.2026,192,65.5425,255,111.292,75,110.905,101,97.5922,36,100.937,74,9.9684,84
"2025","Little Rock",68.6235,174,66.912,193,97.0123,326,97.5245,330,96.085,26,100.632,72,-3.10708,205
"2025","LIU",66.081,292,65.4984,258,97.577,317,94.5655,353,102.957,117,106.927,179,-12.3618,307
"2025","Long Beach St.",66.0322,296,63.9303,328,98.8586,304,102.349,247,114.41,338,115.082,331,-12.7329,312
"2025","Longwood",69.7487,108,68.2514,122,109.251,106,106.088,184,105.113,169,106.699,173,-0.61072,174
"2025","Louisiana",67.035,246,66.7049,206,97.2357,322,99.4573,303,113.156,325,114.475,323,-15.0178,326
"2025","Louisiana Monroe",68.4467,183,67.6991,156,95.6984,333,95.7325,344,108.44,239,112.366,291,-16.6331,336
"2025","Louisiana Tech",66.5982,270,64.2333,322,108.823,112,110.74,106,104.385,151,106.582,172,4.1585,111
"2025","Louisville",69.2187,137,68.0618,135,113.902,47,119.045,22,100.54,79,97.9579,47,21.0867,25
"2025","Loyola Chicago",68.5341,176,66.8829,195,107.561,141,107.516,160,103.429,122,105.93,159,1.58638,150
"2025","Loyola Marymount",68.1158,199,66.7265,205,100.896,274,104.216,217,104.163,143,102.572,99,1.64458,148
"2025","Loyola MD",67.2611,235,66.4986,216,102.762,237,99.9581,295,108.011,230,113.446,311,-13.4877,316
"2025","LSU",70.4819,74,68.1656,127,110.219,89,110.884,102,97.613,37,98.4969,51,12.3867,67
"2025","Maine",67.4277,227,66.7535,202,103.599,222,101.834,255,101.171,84,104.032,121,-2.1984,196
"2025","Manhattan",67.4342,226,67.7645,154,108.217,127,106.991,168,111.057,294,116.934,348,-9.94284,282
"2025","Marist",64.5055,342,63.791,332,103.984,215,99.6236,300,96.4876,31,103.868,118,-4.2446,217
"2025","Marquette",68.8878,157,67.9555,139,114.471,44,118.529,26,96.7034,32,93.6495,13,24.8798,12
"2025","Marshall",69.2688,134,68.0259,138,106.89,155,106.084,185,104.193,145,106.23,165,-0.14593,170
"2025","Maryland",70.379,79,69.0911,75,117.79,16,119.113,19,93.228,9,95.8713,24,23.2421,20
"2025","Maryland Eastern Shore",68.5297,177,66.7685,201,90.7969,359,97.5974,329,122.36,361,118.73,356,-21.1326,358
"2025","Massachusetts",72.1642,26,71.0927,25,101.801,262,104.429,213,103.63,127,105.911,158,-1.48165,187
"2025","McNeese",66.2237,286,65.1753,271,113.348,53,113.674,65,98.1435,44,99.9115,61,13.763,61
"2025","Memphis",71.1108,51,70.4894,37,109.62,98,113.869,63,101.77,95,96.7298,31,17.1396,42
"2025","Mercer",72.1515,27,71.0757,26,103.056,231,102.537,241,106.945,208,108.305,213,-5.76858,232
"2025","Mercyhurst",63.6411,356,64.0867,327,97.2191,323,96.8632,340,111.508,304,116.353,345,-19.4898,352
"2025","Merrimack",64.6806,339,64.4786,303,100.245,283,100.821,280,99.8794,70,100.974,75,-0.152291,171
"2025","Miami FL",67.6162,220,67.1514,181,110.459,86,114.089,58,117.949,354,116.346,344,-2.25728,197
"2025","Miami OH",70.1449,91,68.5442,106,110.243,88,108.341,138,105.034,168,108.308,214,0.0326622,168
"2025","Michigan",71.2333,48,69.8789,52,115.149,39,120.019,16,98.155,45,96.703,30,23.3158,19
"2025","Michigan St.",70.5238,70,68.3153,118,115.243,37,119.113,20,95.8533,22,94.7573,17,24.3561,17
"2025","Middle Tennessee",69.7432,109,68.2649,120,106.996,154,109.023,130,103.943,137,104.243,126,4.77994,106
"2025","Milwaukee",70.0525,93,68.925,86,109.345,104,108.114,146,102.741,112,104.637,131,3.47653,122
"2025","Minnesota",64.0115,352,62.0353,357,106.198,171,109.901,119,104.722,161,101.44,83,8.46125,90
"2025","Mississippi",69.3262,131,67.5991,161,111.149,79,116.088,44,94.4751,14,93.0293,10,23.0584,21
"2025","Mississippi St.",69.0093,152,67.2186,176,115.411,36,119.184,18,99.464,61,97.06,35,22.1237,23
"2025","Mississippi Valley St.",65.9599,300,64.2959,320,76.3643,364,83.5078,364,128.277,364,123.335,364,-39.827,364
"2025","Missouri",69.7381,110,67.4359,169,119.273,11,118.869,23,98.8762,52,99.2075,55,19.6611,30
"2025","Missouri St.",64.3112,347,63.3118,343,102.858,235,102.447,243,111.364,300,110.129,242,-7.68205,251
"2025","Monmouth",68.8911,156,67.0704,186,98.9511,302,99.9012,296,110.382,284,110.227,245,-10.3258,286
"2025","Montana",68.7806,166,67.9496,141,104.368,203,105.046,205,113.281,326,110.571,254,-5.52456,228
"2025","Montana St.",67.2873,233,66.0307,232,105.123,188,105.777,192,106.968,210,107.427,197,-1.65043,191
"2025","Morehead St.",65.512,322,64.4351,307,99.418,295,100.757,281,105.561,183,109.444,232,-8.68626,264
"2025","Morgan St.",72.1725,25,70.5088,34,104.145,210,102.875,236,117.464,351,118.628,355,-15.7527,329
"2025","Mount St. Mary's",68.8697,159,68.0917,133,98.514,310,97.1408,336,104.964,167,107.857,205,-10.7163,291
"2025","Murray St.",65.9991,299,64.6095,300,106.816,159,108.164,144,105.313,177,105.453,148,2.71063,134
"2025","N.C. State",65.0233,332,64.0887,326,107.3,145,109.882,120,103.825,132,102.647,101,7.23432,97
"2025","Navy",67.2069,236,66.728,204,103.68,218,102.095,251,106.697,198,111.656,277,-9.56181,277
"2025","Nebraska",69.6537,116,67.6401,158,107.52,144,111.703,85,101.303,86,97.2355,39,14.4671,52
"2025","Nebraska Omaha",68.5188,179,67.1561,180,108.118,129,107.602,158,109.905,271,111.009,265,-3.40756,209
"2025","Nevada",64.6508,341,62.4439,352,111.716,70,113.457,68,104.297,148,103.503,112,9.95414,85
"2025","New Hampshire",68.8919,155,66.9218,190,93.8609,348,92.9289,360,113.628,330,114.993,330,-22.0646,361
"2025","New Mexico",74.1322,5,72.7741,7,108.362,125,111.916,81,96.7389,33,97.2171,38,14.6994,51
"2025","New Mexico St.",67.1679,239,65.6244,251,102.254,248,104.178,219,102.734,111,103.193,108,0.984704,154
"2025","New Orleans",70.5548,69,69.52,61,94.9508,342,97.7916,326,117.743,352,115.581,338,-17.7889,348
"2025","Niagara",63.9136,355,63.8708,330,102.745,238,101.392,268,110.001,274,115.49,335,-14.0983,319
"2025","Nicholls",69.1361,144,68.4394,111,102.635,243,104.788,209,106.128,189,107.743,204,-2.95456,200
"2025","NJIT",65.8094,305,64.9987,279,90.9026,358,90.3569,361,107.883,226,110.041,241,-19.6841,354
"2025","Norfolk St.",67.1263,242,66.1534,227,109.509,101,108.382,135,105.782,187,107.904,206,0.478292,165
"2025","North Alabama",67.695,215,66.9019,194,112.683,61,110.336,111,105.467,179,107.502,198,2.83363,132
"2025","North Carolina",73.0518,19,71.8024,14,111.7,71,116.022,46,103.186,119,98.1292,48,17.8933,38
"2025","North Carolina A&T",71.7649,35,71.5133,17,100.89,275,100.148,288,113.116,324,115.751,340,-15.6031,328
"2025","North Carolina Central",69.0192,150,66.3244,221,104.297,205,102.985,233,112.334,313,114.929,329,-11.9444,304
"2025","North Dakota",70.7637,64,68.9068,87,107.899,132,107.775,155,118.275,357,117.373,349,-9.59784,278
"2025","North Dakota St.",66.5426,273,64.999,278,121.869,3,117.079,37,110.445,285,111.24,267,5.83876,103
"2025","North Florida",72.7436,23,71.3881,21,110.927,82,112.924,72,118.492,358,118.532,353,-5.60811,231
"2025","North Texas",61.4654,361,60.9002,361,113.115,55,112.588,77,97.8256,41,97.7059,45,14.8824,50
"2025","Northeastern",67.9274,208,67.8733,145,103.37,226,104.019,222,103.683,129,106.954,184,-2.93499,199
"2025","Northern Arizona",67.7618,212,66.8401,198,107.946,131,104.245,216,108.286,234,110.676,258,-6.43038,239
"2025","Northern Colorado",69.5458,124,68.7163,98,111.884,68,110.073,115,108.995,249,109.308,228,0.765481,160
"2025","Northern Illinois",70.2086,90,69.0369,80,92.0903,354,94.8215,350,113.767,331,113.387,310,-18.5653,350
"2025","Northern Iowa",65.8538,304,64.4701,304,113.568,52,111.274,90,103.985,141,106.102,160,5.1717,105
"2025","Northern Kentucky",65.8081,306,64.273,321,98.4662,311,98.4296,316,105.267,174,106.237,166,-7.80783,255
"2025","Northwestern",67.0667,245,64.6409,299,108.216,128,112.48,78,100.285,78,96.7595,32,15.7209,46
"2025","Northwestern St.",64.429,345,63.5799,338,99.6731,292,101.592,260,108.511,241,109.187,224,-7.59467,250
"2025","Notre Dame",65.7742,308,64.3547,312,112.96,58,116.544,40,106.768,203,105.698,155,10.8463,76
"2025","Oakland",63.0379,359,61.609,359,103.365,227,106.777,173,109.926,273,107.641,202,-0.864211,180
"2025","Ohio",71.9717,30,70.1409,47,108.985,109,107.898,152,105.451,178,108.092,211,-0.194097,172
"2025","Ohio St.",69.2647,135,67.1266,182,112.372,63,116.261,42,100.092,75,95.9801,26,20.2804,28
"2025","Oklahoma",69.2612,136,67.2003,177,115.461,35,118.073,29,101.551,90,101.014,76,17.0583,43
"2025","Oklahoma St.",70.7651,63,70.0572,49,103.271,228,106.788,172,105.257,173,102.225,94,4.56293,107
"2025","Old Dominion",66.7964,259,65.4925,259,98.8458,305,99.2149,306,109.075,252,110.862,263,-11.6468,301
"2025","Oral Roberts",69.1719,140,68.2375,123,104.008,213,104.452,212,122.414,362,119.417,360,-14.9648,325
"2025","Oregon",69.666,115,68.3225,117,111.322,74,117.345,32,100.187,77,97.4909,42,19.8542,29
"2025","Oregon St.",65.2894,326,64.0918,325,116.83,22,116.083,45,99.0247,55,102.104,90,13.9785,58
"2025","Pacific",67.9481,205,66.7398,203,99.3164,297,100.867,278,112.98,323,112.496,293,-11.6286,300
"2025","Penn",66.5199,275,65.6231,253,101.136,269,104.063,221,112.15,310,113.106,305,-9.04279,271
"2025","Penn St.",72.3958,24,70.2274,44,114.969,42,116.228,43,100.106,76,99.9843,64,16.2438,45
"2025","Pepperdine",68.5256,178,68.6929,99,100.204,285,102.757,238,106.599,197,106.406,169,-3.64873,212
"2025","Pittsburgh",68.267,186,67.0153,187,115.997,33,119.11,21,102.955,116,100.537,71,18.5728,34
"2025","Portland",69.0922,146,68.0966,132,98.4436,312,101.987,253,116.843,348,115.337,333,-13.3505,314
"2025","Portland St.",69.3831,128,68.7851,91,105.019,191,102.138,250,103.857,134,105.471,149,-3.33281,207
"2025","Prairie View A&M",73.3931,13,71.6428,16,99.7682,290,99.0334,309,116.653,347,115.462,334,-16.4284,333
"2025","Presbyterian",65.1341,329,63.6395,336,106.255,170,104.748,211,112.359,314,113.274,308,-8.52513,261
"2025","Princeton",68.9993,153,66.7786,200,108.483,122,109.498,126,105.94,188,106.986,185,2.51176,137
"2025","Providence",65.856,303,65.1736,272,108.86,110,112.634,75,104.922,166,103.255,110,9.37848,87
"2025","Purdue",66.7893,260,64.8578,285,116.124,32,122.962,6,101.011,83,95.6301,22,27.3318,8
"2025","Purdue Fort Wayne",69.68,111,68.7482,94,116.154,29,114.079,59,109.235,257,111.424,271,2.65516,136
"2025","Queens",71.3868,44,69.3533,66,104.187,208,105.066,203,107.976,229,109.935,237,-4.86938,222
"2025","Quinnipiac",70.4278,76,70.0915,48,101.311,266,102.499,242,99.3243,59,103.783,114,-1.28443,184
"2025","Radford",65.1048,330,63.2781,345,108.844,111,109.758,122,110.154,279,110.584,255,-0.825422,179
"2025","Rhode Island",71.1477,49,70.4959,36,106.374,169,106.742,175,99.887,71,102.673,102,4.06974,114
"2025","Rice",66.0813,291,64.6914,295,105.612,180,105.16,201,102.78,114,107.246,188,-2.08689,195
"2025","Richmond",66.043,295,64.7301,292,98.8414,306,101.43,266,107.089,214,106.209,164,-4.77951,221
"2025","Rider",65.6456,316,64.5576,301,99.1633,299,99.0472,308,110.756,289,113.154,306,-14.1067,320
"2025","Robert Morris",69.6717,114,68.6569,102,105.072,190,103.536,225,102.709,110,106.778,175,-3.24227,206
"2025","Rutgers",70.0049,95,68.8862,88,108.588,117,113.56,66,106.755,202,103.157,106,10.402,82
"2025","Sacramento St.",65.5882,319,64.6927,294,94.7509,343,94.9003,348,109.257,258,111.557,274,-16.6565,337
"2025","Sacred Heart",69.9697,100,69.4593,62,106.741,161,104.987,206,109.734,268,114.63,325,-9.64341,279
"2025","Saint Francis",67.1667,240,66.9775,188,97.5323,320,99.2223,305,111.274,299,113.958,316,-14.736,324
"2025","Saint Joseph's",69.3647,130,68.5663,105,109.327,105,109.968,117,99.0171,54,100.237,68,9.73073,86
"2025","Saint Louis",68.6868,171,66.9209,191,106.879,157,108.924,132,103.832,133,104.837,137,4.08748,113
"2025","Saint Mary's",64.4307,344,62.2143,355,117.759,18,117.968,30,95.6365,20,96.6237,28,21.3441,24
"2025","Saint Peter's",63.9808,354,62.4021,354,96.1562,329,94.6777,351,99.5586,63,102.435,97,-7.75717,254
"2025","Sam Houston St.",68.7012,170,67.5571,164,106.55,166,111.013,99,114.326,337,111.943,281,-0.93034,182
"2025","Samford",71.0067,54,69.3342,68,114.651,43,113.467,67,104.401,152,106.945,181,6.5222,101
"2025","San Diego",70.8851,60,69.8558,54,95.5661,336,98.1233,321,109.307,260,108.007,208,-9.88404,281
"2025","San Diego St.",66.6283,267,65.8527,238,104.821,195,110.182,112,94.2256,13,92.2561,9,17.9263,37
"2025","San Francisco",68.448,182,66.9507,189,111.182,78,111.873,83,99.6605,67,101.374,82,10.4993,80
"2025","San Jose St.",66.0132,297,64.9659,280,107.299,146,108.33,139,109.676,266,109.126,221,-0.796406,178
"2025","Santa Clara",69.9165,103,68.161,129,113.316,54,116.008,47,104.895,164,102.947,104,13.0605,64
"2025","Seattle",67.6319,217,65.5161,256,103.82,216,106.403,179,104.814,162,105.674,153,0.729268,161
"2025","Seton Hall",64.6649,340,63.6094,337,97.1617,324,103.048,232,104.66,156,103.961,119,-0.913206,181
"2025","Siena",66.6836,266,65.185,270,103.069,230,101.466,265,105.302,176,108.948,220,-7.48148,245
"2025","SIUE",67.1878,238,65.0185,276,103.259,229,100.106,289,102.223,102,107.348,191,-7.24196,243
"2025","SMU",70.4869,73,69.1225,74,117.262,20,117.253,33,102.6,106,102.121,92,15.132,49
"2025","South Alabama",64.4169,346,63.2931,344,106.997,153,106.079,186,97.7847,40,103.177,107,2.90237,131
"2025","South Carolina",66.8145,258,65.0015,277,105.139,187,108.15,145,101.502,88,97.4257,41,10.7241,78
"2025","South Carolina St.",70.3493,81,68.3711,113,102.187,250,102.085,252,103.958,138,108.161,212,-6.07594,236
"2025","South Dakota",74.5257,3,73.6268,2,113.576,51,110.801,105,118.153,356,119.08,357,-8.27927,259
"2025","South Dakota St.",70.3941,78,68.9977,82,112.24,64,109.77,121,104.863,163,105.303,145,4.46707,108
"2025","South Florida",69.7974,106,67.5226,165,106.82,158,105.92,189,106.318,193,107.373,194,-1.45262,186
"2025","Southeast Missouri",69.0229,149,68.4298,112,100.96,272,99.8693,297,102.617,107,107.252,189,-7.38229,244
"2025","Southeastern Louisiana",68.1526,194,67.1191,183,102.481,244,101.983,254,102.19,101,105.448,147,-3.46423,210
"2025","Southern",70.5007,72,68.2911,119,97.6453,316,98.3918,317,99.6757,68,102.632,100,-4.24068,216
"2025","Southern Illinois",68.7478,168,68.2235,125,103.707,217,104.328,215,108.193,232,106.323,168,-1.99487,192
"2025","Southern Indiana",68.6598,172,66.6398,208,102.304,247,99.2126,307,108.294,235,113.229,307,-14.0163,318
"2025","Southern Miss",70.9643,55,70.0342,50,98.4272,313,99.8665,298,106.721,199,107.591,200,-7.72474,253
"2025","Southern Utah",70.3772,80,68.7465,95,98.0191,315,101.184,271,108.32,236,108.706,219,-7.52206,248
"2025","St. Bonaventure",65.0483,331,63.797,331,108.486,121,109.548,125,98.9044,53,102.108,91,7.43991,95
"2025","St. John's",70.9471,57,69.8135,56,111.384,72,114.178,57,91.4954,5,90.8297,5,23.3487,18
"2025","St. Thomas",70.2434,89,68.163,128,116.566,23,113.916,62,108.948,248,110.433,248,3.48275,121
"2025","Stanford",67.9419,206,66.5016,215,113.763,49,115.192,50,103.353,121,103.997,120,11.1951,72
"2025","Stephen F. Austin",66.2745,284,65.7846,243,91.3143,357,93.3298,357,98.4627,48,102.077,89,-8.74672,267
"2025","Stetson",69.6146,120,67.507,166,100.131,286,100.961,276,117.15,350,117.872,352,-16.9113,339
"2025","Stonehill",66.5612,271,64.4228,308,101.797,263,100.042,291,106.971,211,112.7,300,-12.6581,309
"2025","Stony Brook",65.1781,328,64.3279,315,99.5005,294,100.009,292,116.335,346,116.483,346,-16.4748,334
"2025","Syracuse",70.3948,77,69.2156,71,104.924,193,109.645,124,109.653,265,105.658,152,3.98683,117
"2025","Tarleton St.",67.9257,209,65.2167,268,89.0249,360,95.3603,346,106.892,206,105.107,143,-9.74687,280
"2025","TCU",67.3214,231,66.2999,222,102.157,251,106.503,177,100.034,74,97.1733,37,9.32987,88
"2025","Temple",70.9092,58,69.4146,63,108.692,114,109.986,116,106.139,190,106.415,170,3.57017,120
"2025","Tennessee",65.66,315,63.6823,335,114.212,45,117.212,34,88.973,2,86.7716,1,30.4404,6
"2025","Tennessee Martin",67.63,218,66.6359,209,101.135,270,101.361,269,106.501,195,111.376,270,-10.0145,283
"2025","Tennessee St.",73.004,21,71.4555,20,101.699,265,99.5988,301,104.712,158,110.235,246,-10.6362,290
"2025","Tennessee Tech",68.8738,158,67.6302,159,102.959,232,101.793,256,109.082,253,113.711,315,-11.9186,303
"2025","Texas",67.7156,214,66.3601,220,116.148,30,115.766,48,98.1982,46,97.908,46,17.8577,39
"2025","Texas A&M",68.2387,189,66.4491,217,110.516,85,116.591,39,96.1284,27,92.2013,8,24.3902,16
"2025","Texas A&M Corpus Chris",69.5701,123,68.849,89,107.861,135,107.19,164,105.214,172,106.764,174,0.426097,166
"2025","Texas Southern",71.9453,32,70.3593,40,95.6084,334,97.1634,334,106.876,204,107.371,193,-10.2077,285
"2025","Texas St.",67.7374,213,65.7003,249,109.647,96,110.807,104,107.468,221,109.978,240,0.829141,159
"2025","Texas Tech",67.1512,241,64.9254,281,121.237,4,121.816,11,96.1896,28,96.6656,29,25.1503,11
"2025","The Citadel",65.7381,310,64.3135,316,95.8774,332,95.2414,347,115.293,344,114.819,328,-19.578,353
"2025","Toledo",69.8299,105,68.8362,90,108.638,116,111.706,84,113.62,329,114.697,327,-2.9905,202
"2025","Towson",64.1492,348,62.5854,351,102.349,246,104.804,208,103.962,139,105.56,150,-0.756505,177
"2025","Troy",66.7757,262,65.511,257,105.274,184,106.894,171,99.9452,72,101.662,85,5.23165,104
"2025","Tulane",68.9326,154,67.072,185,108.514,120,107.645,157,102.025,100,105.826,157,1.81863,145
"2025","Tulsa",68.2596,187,66.2365,225,103.637,219,101.729,258,106.227,191,110.988,264,-9.25858,274
"2025","UAB",71.0272,52,69.209,72,116.425,26,115.18,51,107.906,227,110.739,260,4.4409,109
"2025","UC Davis",69.6521,117,68.1458,130,96.041,331,96.8722,339,101.801,96,102.261,95,-5.38917,226
"2025","UC Irvine",70.8596,61,69.5233,60,105.119,189,105.875,190,90.539,4,91.6298,7,14.2449,56
"2025","UC Riverside",68.0798,201,67.3403,172,104.471,200,107.903,151,109.019,250,106.949,182,0.954667,155
"2025","UC San Diego",67.6855,216,65.9775,234,113.678,50,113.065,69,95.4399,16,99.184,54,13.8806,60
"2025","UC Santa Barbara",65.6125,318,64.3092,318,109.548,100,107.723,156,101.949,99,106.792,176,0.931426,157
"2025","UCF",71.9852,29,70.6872,32,108.547,118,115.127,52,105.509,181,101.732,86,13.3947,63
"2025","UCLA",67.847,210,65.1101,273,112.051,66,114.621,53,95.9708,23,95.2873,20,19.3336,32
"2025","UMass Lowell",70.6744,66,69.7108,57,109.188,107,110.996,100,107.724,225,112.53,294,-1.53377,189
"2025","UMBC",70.9526,56,70.8567,30,107.884,134,108.054,148,108.554,243,114.567,324,-6.51359,240
"2025","UNC Asheville",70.6509,68,67.7692,153,111.234,76,110.587,108,111.431,303,111.278,268,-0.691629,175
"2025","UNC Greensboro",64.9396,334,63.7571,333,108.722,113,107.15,165,103.592,124,104.177,124,2.97319,129
"2025","UNC Wilmington",67.007,249,65.8118,239,112.515,62,111.233,92,104.699,157,107.381,196,3.85185,118
"2025","UNLV",66.06,294,64.7163,293,107.73,136,111.119,95,106.516,196,104.711,135,6.40815,102
"2025","USC",69.835,104,67.8,150,109.907,91,114.333,55,104.375,150,102.193,93,12.1403,68
"2025","USC Upstate",73.2151,17,71.976,12,97.4405,321,98.5109,314,117.038,349,115.891,343,-17.3805,345
"2025","UT Arlington",68.836,162,68.0483,136,106.593,165,108.447,134,107.603,223,110.499,249,-2.05125,194
"2025","UT Rio Grande Valley",69.9529,102,68.222,126,106.17,172,105.477,195,109.501,262,112.282,289,-6.80495,242
"2025","Utah",69.5276,125,69.1799,73,109.637,97,110.384,109,101.223,85,101.107,78,9.2773,89
"2025","Utah St.",67.9526,204,68.3414,115,119.152,12,118.535,25,100.924,81,101.191,79,17.3447,40
"2025","Utah Tech",68.7944,163,66.9161,192,98.6918,307,101.592,261,112.819,321,112.728,302,-11.136,295
"2025","Utah Valley",69.2098,138,68.4991,109,105.329,183,104.146,220,101.508,89,101.454,84,2.69164,135
"2025","UTEP",68.1346,197,67.943,142,104.562,199,105.341,198,102.495,105,104.479,128,0.862265,158
"2025","UTSA",70.7175,65,70.3092,42,106.399,168,108.018,149,112.396,316,111.99,282,-3.97182,214
"2025","Valparaiso",68.7878,164,68.665,101,104.912,194,105.364,197,108.722,245,110.131,243,-4.7675,220
"2025","Vanderbilt",70.6675,67,69.845,55,115.947,34,116.388,41,98.5626,49,100.093,67,16.2948,44
"2025","VCU",67.9388,207,66.6333,211,111.932,67,112.813,74,92.1759,6,94.5799,16,18.2333,35
"2025","Vermont",64.8046,337,62.4093,353,96.0861,330,96.7345,341,103.621,125,105.307,146,-8.57249,262
"2025","Villanova",64.1179,351,63.201,348,120.007,8,121.327,13,107.002,212,106.953,183,14.3746,54
"2025","Virginia",61.4194,362,60.4585,363,100.87,276,104.214,218,104.72,159,101.892,88,2.3224,139
"2025","Virginia Tech",66.6038,269,64.3571,311,104.17,209,107.036,167,109.775,269,107.735,203,-0.69991,176
"2025","VMI",68.2765,185,67.1855,178,101.767,264,100.717,283,111.64,306,112.795,303,-12.0782,305
"2025","Wagner",61.1808,363,60.7814,362,91.8624,356,93.0255,359,102.848,115,109.957,238,-16.9319,341
"2025","Wake Forest",68.1488,195,66.4327,218,102.677,241,106.56,176,96.2898,29,95.3752,21,11.1845,73
"2025","Washington",69.6408,118,68.2615,121,102.647,242,107.408,163,103.782,131,100.076,66,7.33133,96
"2025","Washington St.",71.9476,31,70.3321,41,111.121,80,111.602,87,105.274,175,104.082,122,7.5199,94
"2025","Weber St.",65.7397,309,64.7722,290,103.576,223,105.924,188,115.041,341,114.043,317,-8.11947,257
"2025","West Georgia",69.2794,133,67.5837,162,97.5586,318,98.3307,318,113.868,332,114.151,318,-15.8208,330
"2025","West Virginia",66.2303,285,64.0942,324,105.184,185,110.367,110,95.526,18,95.0515,19,15.3153,48
"2025","Western Carolina",71.4029,43,70.237,43,88.8451,361,93.7658,356,112.647,319,112.182,284,-18.4164,349
"2025","Western Illinois",63.5791,357,62.2075,356,99.3259,296,97.1513,335,112.871,322,116.876,347,-19.7243,355
"2025","Western Kentucky",74.8335,2,72.8046,6,99.1673,298,102.61,240,99.5897,65,99.6853,59,2.92465,130
"2025","Western Michigan",69.2833,132,67.6449,157,102.147,252,101.004,275,112.734,320,113.598,313,-12.5942,308
"2025","Wichita St.",70.4798,75,69.3908,64,106.109,174,108.245,142,106.25,192,106.935,180,1.30988,152
"2025","William & Mary",71.6776,38,71.2935,22,111.778,69,111.08,97,110.004,275,112.609,297,-1.5284,188
"2025","Winthrop",74.1194,6,71.9396,13,107.034,151,106.918,170,107.679,224,109.974,239,-3.05558,204
"2025","Wisconsin",69.6069,121,67.7921,152,118.341,14,122.894,8,100.943,82,98.3865,49,24.5075,15
"2025","Wofford",64.4751,343,63.2502,346,109.889,92,112.825,73,110.609,286,109.716,234,3.10898,127
"2025","Wright St.",68.1458,196,67.2513,174,109.421,102,109.397,128,108.683,244,110.821,262,-1.42378,185
"2025","Wyoming",65.3546,325,64.3311,314,101.808,261,103.389,228,107.325,217,104.944,139,-1.55514,190
"2025","Xavier",69.1427,142,68.0341,137,110.068,90,112.946,71,99.3019,58,97.2943,40,15.6514,47
"2025","Yale",69.5188,126,67.9258,143,117.172,21,114.249,56,101.557,92,103.322,111,10.9269,75
"2025","Youngstown St.",70.2779,86,68.9542,85,99.7975,289,98.9011,310,99.4051,60,103.21,109,-4.3088,218
